,Date,Net,Gross,Debt,Savings,Investments,Assets
0,2024-02-01,0.0,0.0,0,0.0,0.0,0.0
1,2024-03-01,29309.693128472227,29309.693128472227,0,17113.06118402778,12196.631944444445,0.0
2,2024-04-01,32485.778530585365,32485.778530585365,0,19683.341319937215,12802.43721064815,0.0
3,2024-05-01,35676.12248040387,35676.12248040387,0,22262.831626333656,13413.290854070217,0.0
4,2024-06-01,38880.80005084882,38880.80005084882,0,24851.56510632802,14029.234944520802,0.0
5,2024-07-01,42099.88678368417,42099.88678368417,0,27449.574881292363,14650.311902391808,0.0
6,2024-08-01,45333.45869286207,45333.45869286207,0,30056.89419128366,15276.564501578407,0.0
7,2024-09-01,48581.59226789398,48581.59226789398,0,32673.55639546909,15908.035872424893,0.0
8,2024-10-01,51844.36447724796,51844.36447724796,0,35299.594972552855,16544.7695046951,0.0
9,2024-11-01,55121.852771772064,55121.852771772064,0,37935.043521204505,17186.80925056756,0.0
10,2024-12-01,58414.135088144445,58414.135088144445,0,40579.93576048882,17834.199327655624,0.0
11,2025-01-01,61721.28985235,61721.28985235,0,43234.30553029724,18486.984322052755,0.0
12,2025-02-01,65043.395983184004,65043.395983184004,0,45898.186791780805,19145.209191403195,0.0
13,2025-03-01,68380.5328957829,68380.5328957829,0,48571.61362778469,19808.919267998222,0.0
14,2025-04-01,71732.78050518245,71732.78050518245,0,51254.62024328425,20478.160261898207,0.0
15,2025-05-01,75100.21922990338,75100.21922990338,0,53947.24096582268,21152.97826408069,0.0
16,2025-06-01,483834.04110667604,483834.04110667604,0,56649.510245950216,21833.4197496147,405351.1111111111
17,2025-07-01,489934.4460903782,489934.4460903782,0,59361.46265766487,22519.531580861487,408053.4518518519
18,2025-08-01,496068.30210708774,496068.30210708774,0,62083.13289885484,23211.361010702,410773.8081975309
19,2025-09-01,502235.81172971474,502235.81172971474,0,64814.5557917424,23908.95568579118,413512.3002521811
20,2025-10-01,508437.17885369796,508437.17885369796,0,67555.76628332947,24612.36364983944,416269.048920529
21,2025-11-01,514672.60870609875,514672.60870609875,0,70306.79944584474,25321.633346921437,419044.17591333255
22,2025-12-01,520942.30785475957,520942.30785475957,0,73067.69047719234,26036.81362481245,421837.80375275476
23,2026-01-01,527246.484217528,527246.484217528,0,75838.47470140229,26757.953738352553,424650.05577777314
24,2026-02-01,533585.3470715461,533585.3470715461,0,78619.1875690823,27485.103352838825,427481.056149625
25,2026-03-01,539959.1070626065,539959.1070626065,0,81409.86465787151,28218.312547445814,430330.9298572891
26,2026-04-01,546367.9762145744,546367.9762145744,0,84210.54167289555,28957.63181867453,433199.80272300437
27,2026-05-01,552812.167938878,552812.167938878,0,87021.25444722341,29703.11208383015,436087.8014078244
28,2026-06-01,559291.8970440646,559291.8970440646,0,89842.03894232596,30454.804684528735,438995.0534172099
29,2026-07-01,565807.379745427,565807.379745427,0,92672.93124853597,31212.761390233143,441921.68710665795
30,2026-08-01,572358.8336746973,572358.8336746973,0,95513.96758550989,31977.03440181842,444867.831687369
31,2026-09-01,578946.4778898096,578946.4778898096,0,98365.1843026913,32747.676355166906,447833.61723195144
32,2026-10-01,585570.5328847336,585570.5328847336,0,101226.61787977593,33524.740324793296,450819.17468016443
33,2026-11-01,592231.2205993773,592231.2205993773,0,104098.30492717847,34308.27982749991,453824.6358446989
34,2026-12-01,598928.7644295602,598928.7644295602,0,106980.28218650086,35098.34882606241,456850.13341699686
35,2027-01-01,605663.3892370589,605663.3892370589,0,109872.58653100248,35895.00173294626,459895.8009731102
36,2027-02-01,612435.3213597237,612435.3213597237,0,112775.25496607191,36698.29341405414,462961.7729795976
37,2027-03-01,619244.7886216666,619244.7886216666,0,115688.32462970034,37508.27919250459,466048.1847994616
38,2027-04-01,626092.0203435236,626092.0203435236,0,118611.83279295676,38325.01485244213,469155.1726981247
39,2027-05-01,632977.2473527896,632977.2473527896,0,121545.81686046485,39148.55664287915,472282.87384944555
40,2027-06-01,639900.7019942265,639900.7019942265,0,124490.31437088152,39978.96128156981,475431.42634177516
41,2027-07-01,646862.6181403471,646862.6181403471,0,127445.36299737717,40816.285958916225,478600.96918405365
42,2027-08-01,653863.2312019723,653863.2312019723,0,130411.00054811778,41660.58834190719,481791.64231194736
43,2027-09-01,660902.7781388653,660902.7781388653,0,133387.26496674854,42511.92657808975,485003.586594027
44,2027-10-01,667981.4974704403,667981.4974704403,0,136374.1943328794,43370.35929957383,488236.9438379872
45,2027-11-01,675099.6292865496,675099.6292865496,0,139371.8268625722,44235.94562707028,491491.85679690714
46,2027-12-01,682257.4152583454,682257.4152583454,0,142380.20090882975,45108.74517396253,494768.4691755532
47,2028-01-01,689455.0986492222,689455.0986492222,0,145399.3549620864,45988.81805041222,498066.9256367235
48,2028-02-01,696692.9243258345,696692.9243258345,0,148429.32765070052,46876.22486749899,501387.371807635
49,2028-03-01,703971.1387691962,703971.1387691962,0,151470.15774144887,47771.02674139482,504729.95428635256
50,2028-04-01,711289.9900858571,711289.9900858571,0,154521.8841400224,48673.28529757311,508094.8206482616
51,2028-05-01,718649.7280191603,718649.7280191603,0,157584.54589152415,49583.06267505288,511482.1194525833
52,2028-06-01,726050.6039605809,726050.6039605809,0,160658.18218096878,50500.42153067832,514892.00024893385
53,2028-07-01,733492.8709611446,733492.8709611446,0,163742.8323337839,51425.42504343398,518324.61358392675
54,2028-08-01,740976.7837429289,740976.7837429289,0,166838.5358163133,52358.13691879593,521780.1110078196
55,2028-09-01,748502.598710646,748502.598710646,0,169945.33223632176,53298.621393119225,525258.6450812051
56,2028-10-01,756070.5739633102,756070.5739633102,0,173063.26134350192,54246.94323806188,528760.3693817464
57,2028-11-01,763680.9693059865,763680.9693059865,0,176192.3630299828,55203.16776504573,532285.438510958
58,2028-12-01,771334.0462616257,771334.0462616257,0,179332.67733084023,56167.36082975444,535834.0081010311
59,2029-01-01,779030.0680829827,779030.0680829827,0,182484.2444246091,57139.58883666906,539406.2348217046
60,2029-02-01,786769.2997646213,786769.2997646213,0,185647.10463379728,58119.918743641305,543002.2763871826
61,2029-03-01,794552.0080550038,794552.0080550038,0,188821.2984254017,59108.41806650498,546622.2915630972
62,2029-04-01,802378.4614686697,802378.4614686697,0,192006.86641142608,60105.15488372585,550266.4401735178
63,2029-05-01,810248.9302984986,810248.9302984986,0,195203.84934940035,61110.19784109024,553934.883108008
64,2029-06-01,818163.686628063,818163.686628063,0,198412.28814290237,62123.616156432654,557627.782328728
65,2029-07-01,826123.0043440703,826123.0043440703,0,201632.2238420811,63145.47962440293,561345.3008775862
66,2029-08-01,834127.1591488917,834127.1591488917,0,204863.69764418187,64175.85862127295,565087.6028834368
67,2029-09-01,842176.4285731835,842176.4285731835,0,208106.7508940735,65214.824109783556,568854.8535693265
68,2029-10-01,850271.0919885976,850271.0919885976,0,211361.42508477726,66262.44764403175,572647.2192597886
69,2029-11-01,858411.4306205836,858411.4306205836,0,214627.7618579977,67318.80137439868,576464.8673881872
70,2029-12-01,866597.7275612827,866597.7275612827,0,217905.80300465555,68383.95805251868,580307.9665041085
71,2030-01-01,874830.2677825144,874830.2677825144,0,221195.59046542222,69457.99103628966,584176.6862808026
72,2030-02-01,883109.3381488567,883109.3381488567,0,224497.16633125665,70540.97429492541,588071.1975226746
73,2030-03-01,891435.2274308193,891435.2274308193,0,227810.57284394366,71632.9824140498,591991.6721728258
74,2030-04-01,899808.2263181126,899808.2263181126,0,231135.85239663447,72734.09060083354,595938.2833206446
75,2030-05-01,908228.6274330118,908228.6274330118,0,234473.04753438907,73844.37468917383,599911.2052094489
76,2030-06-01,916696.7253438162,916696.7253438162,0,237822.20095472064,74963.91114491694,603910.6132441786
77,2030-07-01,925212.8165784061,925212.8165784061,0,241183.3555081417,76092.77707112458,607936.6839991398
78,2030-08-01,933777.1996378973,933777.1996378973,0,244556.55419871255,77231.05021338395,611989.5952258008
79,2030-09-01,942390.1750103928,942390.1750103928,0,247941.84018459127,78378.80896516214,616069.5258606394
80,2030-10-01,951052.0451848349,951052.0451848349,0,251339.25677858607,79536.13237320515,620176.6560330436
81,2030-11-01,959763.1146649551,959763.1146649551,0,254748.84744870933,80703.10014298186,624311.1670732639
82,2030-12-01,968523.6899833262,968523.6899833262,0,258170.65581873388,81879.79264417337,628473.241520419
83,2031-01-01,977334.0797155143,977334.0797155143,0,261604.72566875102,83066.29091620815,632663.0631305551
84,2031-02-01,986194.5944943328,986194.5944943328,0,265051.10093573073,84262.67667384322,636880.8168847588
85,2031-03-01,995105.5470241995,995105.5470241995,0,268509.8257140838,85469.03231279191,641126.6889973239
86,2031-04-01,1004067.2520955972,1004067.2520955972,0,271980.94425622595,86685.4409153985,645400.8669239727
87,2031-05-01,1013080.0265996368,1013080.0265996368,0,275464.5009731441,87911.98625636016,649703.5393701325
88,2031-06-01,1022144.1895427278,1022144.1895427278,0,278960.5404349645,89148.7528084965,654034.8962992667
89,2031-07-01,1031260.0620613522,1031260.0620613522,0,282469.10737152316,90395.82574856731,658395.1289412618
90,2031-08-01,1040427.9674369467,1040427.9674369467,0,285990.24667293776,91653.2909631387,662784.4298008702
91,2031-09-01,1049648.23111089,1049648.23111089,0,289524.00339018245,92921.23505449819,667202.9926662093
92,2031-10-01,1058921.1806996004,1058921.1806996004,0,293070.42273566395,94199.745346619,671651.0126173174
93,2031-11-01,1068247.1460097404,1068247.1460097404,0,296629.5500838001,95488.90989117416,676128.6860347661
94,2031-12-01,1077626.4590535322,1077626.4590535322,0,300201.4309716004,96788.81747360062,680636.2106083313
95,2032-01-01,1087059.4540641827,1087059.4540641827,0,303786.11109924864,98099.55761921396,685173.7853457201
96,2032-02-01,1096546.4675114201,1096546.4675114201,0,307383.6363306876,99421.22059937408,689741.6105813583
97,2032-03-01,1106087.8381171422,1106087.8381171422,0,310994.0526942059,100753.8974377022,694339.887985234
98,2032-04-01,1115683.9068711787,1115683.9068711787,0,314617.4063830268,102097.67991634972,698968.8205718022
99,2032-05-01,1125335.0170471661,1125335.0170471661,0,318253.7437558993,103452.6605823193,703628.6127089475
100,2032-06-01,1135041.5142185371,1135041.5142185371,0,321903.1113376913,104818.93275383863,708319.4701270071
101,2032-07-01,1144803.7462746259,1144803.7462746259,0,325565.5558199847,106196.59052678729,713041.5999278538
102,2032-08-01,1154622.0634368898,1154622.0634368898,0,329241.124061673,107585.72878117718,717795.2105940395
103,2032-09-01,1164496.8182752472,1164496.8182752472,0,332929.86308956065,108986.443187687,722580.5119979997
104,2032-10-01,1174428.3657245357,1174428.3657245357,0,336631.8200989649,110398.83021425105,727397.7154113197
105,2032-11-01,1184417.0631010844,1184417.0631010844,0,340347.04245431954,111822.98713270314,732247.0335140618
106,2032-12-01,1194463.270119412,1194463.270119412,0,344075.57768978085,113259.01202547568,737128.6804041555
107,2033-01-01,1204567.3489090404,1204567.3489090404,0,347817.4735098359,114707.00379235463,742042.8716068498
108,2033-02-01,1214729.6640314325,1214729.6640314325,0,351572.7777899128,116167.06215729091,746989.8240842288
109,2033-03-01,1224950.582497052,1224950.582497052,0,355341.53857699333,117639.28767526834,751969.7562447904
110,2033-04-01,1235230.4737825454,1235230.4737825454,0,359123.8040902276,119123.7817392289,756982.887953089
111,2033-05-01,1245569.7098480496,1245569.7098480496,0,362919.62272155087,120620.6465870558,762029.4405394429
112,2033-06-01,1255968.6651546236,1255968.6651546236,0,366729.0430363031,122129.9853086146,767109.6368097059
113,2033-07-01,1266427.7166818068,1266427.7166818068,0,370552.11377384985,123651.90185285306,772223.7010551039
114,2033-08-01,1276947.2439453043,1276947.2439453043,0,374388.88384820614,125186.50103496017,777371.8590621379
115,2033-09-01,1287527.6290147991,1287527.6290147991,0,378239.4023486622,126733.88854358484,782554.3381225521
116,2033-10-01,1298169.2565318956,1298169.2565318956,0,382103.71854041156,128294.17094811471,787771.3670433692
117,2033-11-01,1308872.5137281888,1308872.5137281888,0,385981.8818651814,129867.45570601567,793023.1761569916
118,2033-12-01,1319637.7904434688,1319637.7904434688,0,389873.94194186496,131453.85117023246,798309.9973313715
119,2034-01-01,1330465.479144055,1330465.479144055,0,393779.9485671566,133053.46659665107,803632.0639802474
120,2034-02-01,1341355.974941261,1341355.974941261,0,397699.9517161889,134666.41215162317,808989.611073449
121,2034-03-01,1352309.6756099975,1352309.6756099975,0,401634.00154317194,136292.79891955337,814382.875147272
122,2034-04-01,1363326.9816075051,1363326.9816075051,0,405582.14838203497,137932.73891054964,819812.0943149205
123,2034-05-01,1374408.296092228,1374408.296092228,0,409544.44274707057,139586.34506813754,825277.50827702
124,2034-06-01,1385554.0249428195,1385554.0249428195,0,413520.9353335809,141253.7312770387,830779.3583322001
125,2034-07-01,1396764.5767772882,1396764.5767772882,0,417511.67701852624,142935.01237101402,836317.8873877481
126,2034-08-01,1408040.3629722814,1408040.3629722814,0,421516.71886117593,144630.30414077247,841893.3399703332
127,2034-09-01,1419381.7976825095,1419381.7976825095,0,425536.1121037618,146339.72334194556,847505.9622368021
128,2034-10-01,1430789.2978603095,1430789.2978603095,0,429569.9081721336,148063.38770312845,853156.0019850475
129,2034-11-01,1442263.2832753528,1442263.2832753528,0,433618.1586764171,149801.41593398785,858843.7086649478
130,2034-12-01,1453804.1765344928,1453804.1765344928,0,437680.91541167424,151553.92773343774,864569.3333893807
131,2035-01-01,1465412.403101759,1465412.403101759,0,441758.2303585661,153321.04379788306,870333.1289453099
132,2035-02-01,1477088.391318495,1477088.391318495,0,445850.15568401763,155102.88582953208,876135.3498049453
133,2035-03-01,1488832.5724236416,1488832.5724236416,0,449956.74374188535,156899.5765447782,881976.2521369782
134,2035-04-01,1500645.38057417,1500645.38057417,0,454078.0470736271,158711.23968265133,887856.0938178914
135,2035-05-01,1512527.2528656584,1512527.2528656584,0,458214.11840897426,160538.0000133401,893775.1344433441
136,2035-06-01,1524478.629353024,1524478.629353024,0,462365.0106666064,162379.9833467846,899733.6353396331
137,2035-07-01,1536499.9530714,1536499.9530714,0,466530.7769548284,164237.31654134113,905731.8595752306
138,2035-08-01,1548591.6700571678,1548591.6700571678,0,470711.4705722499,166110.127512519,911770.0719723988
139,2035-09-01,1560754.2293691386,1560754.2293691386,0,474907.14500846714,167998.54524178998,917848.5391188815
140,2035-10-01,1572988.083109893,1572988.083109893,0,479117.8539447475,169902.69978547157,923967.529379674
141,2035-11-01,1585293.6864472718,1585293.6864472718,0,483343.65125471615,171822.72228368383,930127.3129088718
142,2035-12-01,1597671.4976360244,1597671.4976360244,0,487584.5910050456,173758.7449693812,936328.1616615977
143,2036-01-01,1610121.9780396149,1610121.9780396149,0,491840.72745614697,175710.90117745937,942570.3494060084
144,2036-02-01,1622645.5921521848,1622645.5921521848,0,496112.11506286485,177679.32535393818,948854.1517353818
145,2036-03-01,1635242.8076206788,1635242.8076206788,0,500398.8084751734,179664.153065221,955179.8460802843
146,2036-04-01,1647914.0952671268,1647914.0952671268,0,504700.8625388761,181665.52100743118,961547.7117208196
147,2036-05-01,1660659.929111092,1660659.929111092,0,509018.3322963071,183683.56701582644,967958.0297989583
148,2036-06-01,1673480.7863922785,1673480.7863922785,0,513351.2729870355,185718.43007429165,974411.0833309514
149,2036-07-01,1686377.1475933075,1686377.1475933075,0,517699.74004857236,187770.25032491074,980907.1572198244
150,2036-08-01,1699349.4964626548,1699349.4964626548,0,522063.78911707975,189839.16907761834,987446.5382679566
151,2036-09-01,1712398.3200377573,1712398.3200377573,0,526443.4760280825,191925.32881993183,994029.5151897429
152,2036-10-01,1725524.1086682891,1725524.1086682891,0,530838.8568171832,194028.8732267646,1000656.3786243412
153,2036-11-01,1738727.3560396028,1738727.3560396028,0,535249.9877207781,196149.947170321,1007327.4211485035
154,2036-12-01,1752008.5591963448,1752008.5591963448,0,539676.9251767775,198288.69673007366,1014042.9372894936
155,2037-01-01,1765368.2185662421,1765368.2185662421,0,544119.7258253277,200445.26920282427,1020803.2235380902
156,2037-02-01,1778806.8379840604,1778806.8379840604,0,548578.4465095351,202619.8131128478,1027608.5783616775
157,2037-03-01,1792324.9247157378,1792324.9247157378,0,553053.1442761943,204812.47822212154,1034459.3022174219
158,2037-04-01,1805922.9894826948,1805922.9894826948,0,557543.8763765173,207023.41554063922,1041355.6975655381
159,2037-05-01,1819601.5464863195,1819601.5464863195,0,562050.7002668665,209252.7773368112,1048298.0688826417
160,2037-06-01,1833361.1134326335,1833361.1134326335,0,566573.6736094895,211500.7171479513,1055286.7226751926
161,2037-07-01,1847202.211557135,1847202.211557135,0,571112.8542732568,213767.3897908509,1062321.9674930272
162,2037-08-01,1861125.3656498247,1861125.3656498247,0,575668.3003344027,216052.9513724413,1069404.1139429808
163,2037-09-01,1875131.1040804135,1875131.1040804135,0,580240.0700772677,218357.559300545,1076533.4747026006
164,2037-10-01,1889219.958823712,1889219.958823712,0,584828.2219950446,220681.3722947162,1083710.3645339513
165,2037-11-01,1903392.4654852098,1903392.4654852098,0,589432.8147905269,223024.55039717216,1090935.1002975109
166,2037-12-01,1917649.1633268357,1917649.1633268357,0,594053.9073768596,225387.25498381528,1098208.000966161
167,2038-01-01,1931990.595292909,1931990.595292909,0,598691.5588782933,227769.64877534707,1105529.3876392688
168,2038-02-01,1946417.3080362794,1946417.3080362794,0,603345.8286309405,230171.89584847496,1112899.583556864
169,2038-03-01,1960929.8519446566,1960929.8519446566,0,608016.7761835348,232594.16164721226,1120318.9141139097
170,2038-04-01,1975528.7811671337,1975528.7811671337,0,612704.4612981924,235036.61299427235,1127787.706874669
171,2038-05-01,1990214.6536409024,1990214.6536409024,0,617408.9439511775,237499.41810255795,1135306.291587167
172,2038-06-01,2004988.0311181631,2004988.0311181631,0,622130.2843336692,239982.74658674593,1142875.000197748
173,2038-07-01,2019849.4791932334,2019849.4791932334,0,626868.5428525315,242486.7694749688,1150494.166865733
174,2038-08-01,2034799.5673298512,2034799.5673298512,0,631623.7801310865,245011.65922059354,1158164.1279781712
175,2038-09-01,2049838.8688886804,2049838.8688886804,0,636396.0570098895,247557.5897140985,1165885.2221646924
176,2038-10-01,2064967.9611550146,2064967.9611550146,0,641185.4345475083,250124.7362950493,1173657.790312457
177,2038-11-01,2080187.4253666848,2080187.4253666848,0,645991.9740213035,252713.27576417473,1181482.1755812066
178,2038-12-01,2095497.8467421706,2095497.8467421706,0,650815.7369282132,255323.38639554285,1189358.7234184146
179,2039-01-01,2110899.814508916,2110899.814508916,0,655656.7849855393,257955.24794883904,1197287.7815745373
180,2039-02-01,2126393.921931851,2126393.921931851,0,660515.1801317375,260609.04168174602,1205269.7001183676
181,2039-03-01,2141980.7663421268,2141980.7663421268,0,665390.9845272095,263284.9503624272,1213304.83145249
182,2039-04-01,2157660.949166053,2157660.949166053,0,670284.2605550988,265983.15828211413,1221393.53032884
183,2039-05-01,2173435.075954252,2173435.075954252,0,675195.0708220878,268703.8512677984,1229536.1538643655
184,2039-06-01,2189303.7564110253,2189303.7564110253,0,680123.4781592003,271447.21669503005,1237733.0615567947
185,2039-07-01,2205267.6044239327,2205267.6044239327,0,685069.5456226041,274213.44350082194,1245984.6153005066
186,2039-08-01,2221327.2380935904,2221327.2380935904,0,690033.3364944184,277002.7221966621,1254291.17940251
187,2039-09-01,2237483.2797636846,2237483.2797636846,0,695014.9142835235,279815.2448816343,1262653.1205985267
188,2039-10-01,2253736.3560512043,2253736.3560512043,0,700014.3427263728,282651.20525564795,1271070.8080691835
189,2039-11-01,2270087.097876899,2270087.097876899,0,705031.685787809,285510.79863277834,1279544.6134563114
190,2039-12-01,2286536.1404959536,2286536.1404959536,0,710067.007661882,288394.2219547182,1288074.9108793535
191,2040-01-01,2303084.123528894,2303084.123528894,0,715120.3727726704,291301.6738043408,1296662.0769518826
192,2040-02-01,2319731.690992711,2319731.690992711,0,720191.8457751058,294233.354419377,1305306.4907982284
193,2040-03-01,2336479.491332222,2336479.491332222,0,725281.4915557998,297189.4657062051,1314008.5340702166
194,2040-04-01,2353328.1774516497,2353328.1774516497,0,730389.3752338748,300170.21125375683,1322768.5909640181
195,2040-05-01,2370278.406746446,2370278.406746446,0,735515.5621617961,303175.7963475381,1331587.0482371117
196,2040-06-01,2387330.841135336,2387330.841135336,0,740660.1179262092,306206.4279837676,1340464.295225359
197,2040-07-01,2404486.147092605,2404486.147092605,0,745823.1083487781,309262.3148836323,1349400.7238601947
198,2040-08-01,2421744.99568062,2421744.99568062,0,751004.5994870279,312343.66750766255,1358396.7286859292
199,2040-09-01,2439108.062582585,2439108.062582585,0,756204.6576351897,315450.6980702264,1367452.7068771687
200,2040-10-01,2456576.0281355437,2456576.0281355437,0,761423.3493250491,318583.62055414496,1376569.0582563498
201,2040-11-01,2474149.5773636186,2474149.5773636186,0,766660.7413267972,321742.6507254295,1385746.1853113922
202,2040-12-01,2491829.4000114948,2491829.4000114948,0,771916.9006498848,324928.00614814146,1394984.4932134682
203,2041-01-01,2509616.190578148,2509616.190578148,0,777191.8945438802,328139.906199376,1404284.3898348913
204,2041-02-01,2527510.6483508237,2527510.6483508237,0,782485.7904993291,331378.57208437077,1413646.2857671238
205,2041-03-01,2545513.4774392634,2545513.4774392634,0,787798.6562486184,334644.2268517405,1423070.5943389046
206,2041-04-01,2563625.3868101784,2563625.3868101784,0,793130.5597668426,337937.09540883836,1432557.7316344974
207,2041-05-01,2581847.0903219795,2581847.0903219795,0,798481.5692726738,341257.40453724534,1442108.1165120606
208,2041-06-01,2600179.3067597644,2600179.3067597644,0,803851.7532292343,344605.38290838903,1451722.170622141
209,2041-07-01,2618622.7598705534,2618622.7598705534,0,809241.1803449723,347981.26109929226,1461400.3184262887
210,2041-08-01,2637178.1783987917,2637178.1783987917,0,814649.9195745417,351385.271608453,1471142.9872157972
211,2041-09-01,2655846.2961221095,2655846.2961221095,0,820078.0401196838,354817.6488718568,1480950.6071305692
212,2041-10-01,2674627.8518873416,2674627.8518873416,0,825525.6114301127,358278.6292791223,1490823.6111781064
213,2041-11-01,2693523.5896468125,2693523.5896468125,0,830992.703204404,361768.45118978166,1500762.4352526271
214,2041-12-01,2712534.258494894,2712534.258494894,0,836479.3853908865,365287.3549496965,1510767.5181543112
215,2042-01-01,2731660.612704821,2731660.612704821,0,841985.7281885372,368835.58290761063,1520839.3016086733
216,2042-02-01,2750903.411765785,2750903.411765785,0,847511.8020478794,372413.37943184073,1530978.2302860646
217,2042-03-01,2770263.4204202956,2770263.4204202956,0,853057.6776718843,376020.99092710606,1541184.751821305
218,2042-04-01,2789741.4087018208,2789741.4087018208,0,858623.4260168752,379658.6658514986,1551459.316833447
219,2042-05-01,2809338.1519727,2809338.1519727,0,864209.1182934357,383326.65473359445,1561802.3789456699
220,2042-06-01,2829054.4309623362,2829054.4309623362,0,869814.8259673205,387025.21018970775,1572214.3948053077
221,2042-07-01,2848891.031805669,2848891.031805669,0,875440.62076037,390754.58694128867,1582695.82410401
222,2042-08-01,2868848.7460819306,2868848.7460819306,0,881086.574651428,394515.0418324661,1593247.1295980366
223,2042-09-01,2888928.370853689,2888928.370853689,0,886752.7598772623,398306.83384773665,1603868.7771286902
224,2042-10-01,2909130.7087061717,2909130.7087061717,0,892439.2489334892,402130.2241298011,1614561.2356428814
225,2042-11-01,2929456.5677868845,2929456.5677868845,0,898146.1145755008,405985.4759975494,1625324.977213834
226,2042-12-01,2949906.761845518,2949906.761845518,0,903873.4298193963,409872.8549641957,1636160.4770619262
227,2043-01-01,2970482.1102741524,2970482.1102741524,0,909621.2679429159,413792.628755564,1647068.2135756724
228,2043-02-01,2991183.438147749,2991183.438147749,0,915389.702486378,417745.06732852705,1658048.6683328436
229,2043-03-01,3012011.5762649477,3012011.5762649477,0,921178.8072536208,421730.4428895981,1669102.326121729
230,2043-04-01,3032967.361189165,3032967.361189165,0,926988.6563129463,425749.02991367807,1680229.6749625406
231,2043-05-01,3054051.635289984,3054051.635289984,0,932819.3239980678,429801.10516295873,1691431.2061289574
232,2043-06-01,3075265.246784861,3075265.246784861,0,938670.8849090608,433886.94770598336,1702707.4141698172
233,2043-07-01,3096609.0497811344,3096609.0497811344,0,944543.4139133183,438006.83893686655,1714058.7969309494
234,2043-08-01,3118083.9043183373,3118083.9043183373,0,950436.9861465077,442161.0625946738,1725485.8555771557
235,2043-09-01,3139690.676410832,3139690.676410832,0,956351.6770135326,446349.9047829627,1736989.0946143367
236,2043-10-01,3161430.2380907508,3161430.2380907508,0,962287.5621894978,450573.6539894874,1748569.0219117657
237,2043-11-01,3183303.467451254,3183303.467451254,0,968244.7176206767,454832.60110606643,1760226.1487245108
238,2043-12-01,3205311.248690109,3205311.248690109,0,974223.2195254841,459127.03944861697,1771960.9897160076
239,2044-01-01,3227454.4721535873,3227454.4721535873,0,980223.1443954505,463457.2647773554,1783774.062980781
240,2044-02-01,3249734.0343806874,3249734.0343806874,0,986244.5689962008,467823.5753171667,1795665.8900673196
241,2044-03-01,3272150.838147682,3272150.838147682,0,992287.5703684372,472226.27177814307,1807636.9960011018
242,2044-04-01,3294705.7925129943,3294705.7925129943,0,998352.2258289241,476665.65737629426,1819687.9093077758
243,2044-05-01,3317399.8128624023,3317399.8128624023,0,1004438.6129714778,481142.03785443003,1831819.1620364944
244,2044-06-01,3340233.82095458,3340233.82095458,0,1010546.8096679589,485655.72150321695,1844031.2897834042
245,2044-07-01,3363208.7449669726,3363208.7449669726,0,1016676.8940692691,490207.01918241044,1856324.8317152935
246,2044-08-01,3386325.51954201,3386325.51954201,0,1022828.9446063506,494796.24434226385,1868700.3305933955
247,2044-09-01,3409585.0858336575,3409585.0858336575,0,1029003.0399911901,499423.71304511605,1881158.3327973515
248,2044-10-01,3432988.3915543174,3432988.3915543174,0,1035199.2592178251,504089.7439871587,1893699.3883493338
249,2044-11-01,3456536.3910220703,3456536.3910220703,0,1041417.6815633557,508794.65852038504,1906324.0509383294
250,2044-12-01,3480230.045208264,3480230.045208264,0,1047658.3865889577,513538.7806747216,1919032.877944585
251,2045-01-01,3504070.321785461,3504070.321785461,0,1053921.4541409013,518322.43718034425,1931826.4304642156
252,2045-02-01,3528058.19517573,3528058.19517573,0,1060206.9643515728,523145.95749018044,1944705.273333977
253,2045-03-01,3552194.646599301,3552194.646599301,0,1066514.9976404994,528009.6738025986,1957669.9751562034
254,2045-04-01,3576480.664123576,3576480.664123576,0,1072845.6347153778,532913.9210842869,1970721.1083239114
255,2045-05-01,3600917.2427125014,3600917.2427125014,0,1079198.956573108,537859.0370933226,1983859.2490460707
256,2045-06-01,3625505.3842763063,3625505.3842763063,0,1085575.0445008283,542845.3624024336,1997084.9773730445
257,2045-07-01,3650246.0977216084,3650246.0977216084,0,1091973.9800769563,547873.240422454,2010398.877222198
258,2045-08-01,3675140.3990018857,3675140.3990018857,0,1098395.845172232,552943.0174259744,2023801.5364036793
259,2045-09-01,3700189.3111683275,3700189.3111683275,0,1104840.721950766,558055.0425711909,2037293.5466463706
260,2045-10-01,3725393.8644210533,3725393.8644210533,0,1111308.6928710896,563209.6679259508,2050875.503624013
261,2045-11-01,3750755.0961607173,3750755.0961607173,0,1117799.840687211,568407.2484920004,2064548.0069815062
262,2045-12-01,3776274.05104049,3776274.05104049,0,1124314.2484496734,573648.1422294338,2078311.6603613829
263,2046-01-01,3801951.7810184225,3801951.7810184225,0,1130851.9995066181,578932.7100813458,2092167.0714304587
264,2046-02-01,3827789.345410202,3827789.345410202,0,1137413.17750485,584261.3159986903,2106114.851906662
265,2046-03-01,3853787.8109422945,3853787.8109422945,0,1143997.866390909,589634.3269653461,2120155.6175860395
266,2046-04-01,3879948.25180548,3879948.25180548,0,1150606.1504121432,595052.1130233906,2134289.9883699464
267,2046-05-01,3906271.7497087847,3906271.7497087847,0,1157238.1141177868,600515.0472985855,2148518.5882924125
268,2046-06-01,3932759.393933811,3932759.393933811,0,1163893.8423600423,606023.5060260737,2162842.0455476954
269,2046-07-01,3959412.28138947,3959412.28138947,0,1170573.4202951659,611577.868576291,2177260.9925180133
270,2046-08-01,3986231.516667117,3986231.516667117,0,1177276.9333845568,617178.5174810934,2191776.065801467
271,2046-09-01,4013218.2120960974,4013218.2120960974,0,1184004.4673958514,622825.8384601026,2206387.9062401433
272,2046-10-01,4040373.487799701,4040373.487799701,0,1190756.1084040198,628520.2204472701,2221097.158948411
273,2046-11-01,4067698.4717515316,4067698.4717515316,0,1197531.9427924675,634262.055617664,2235904.4733414003
274,2046-12-01,4095194.2998322947,4095194.2998322947,0,1204332.0572541405,640051.7394144778,2250810.5031636762
275,2047-01-01,4122862.1158870007,4122862.1158870007,0,1211156.5387926346,645889.6705762652,2265815.9065181008
276,2047-02-01,4150703.071782597,4150703.071782597,0,1218005.474723308,651776.2511644007,2280921.345894888
277,2047-03-01,4178718.327466025,4178718.327466025,0,1224878.9526744,657711.8865907707,2296127.488200854
278,2047-04-01,4206909.051022704,4206909.051022704,0,1231777.06058815,663696.9856456937,2311435.0047888597
279,2047-05-01,4235276.418735451,4235276.418735451,0,1238699.8867219242,669731.9605260745,2326844.5714874524
280,2047-06-01,4263821.615143838,4263821.615143838,0,1245647.5196493445,675817.2268637918,2342356.868630702
281,2047-07-01,4292545.833103985,4292545.833103985,0,1252620.0482614213,681953.2037543234,2357972.5810882403
282,2047-08-01,4321450.273848796,4321450.273848796,0,1259617.5617676913,688140.3137856094,2373692.398295495
283,2047-09-01,4350536.147048647,4350536.147048647,0,1266640.149697359,694378.9830671562,2389517.014284132
284,2047-10-01,4379804.670872517,4379804.670872517,0,1273687.9019004412,700669.6412593825,2405447.127712693
285,2047-11-01,4409257.072049573,4409257.072049573,0,1280760.9085489176,707012.7216032107,2421483.4418974444
286,2047-12-01,4438894.585931216,4438894.585931216,0,1287859.2601378846,713408.6609499041,2437626.6648434275
287,2048-01-01,4468718.456553582,4468718.456553582,0,1294983.047486712,719857.8997911534,2453877.509275717
288,2048-02-01,4498729.936700508,4498729.936700508,0,1302132.3617402061,726360.882289413,2470236.6926708887
289,2048-03-01,4528930.287966961,4528930.287966961,0,1309307.294369775,732918.0563084915,2486704.9372886945
290,2048-04-01,4559320.780822948,4559320.780822948,0,1316507.9371746,739529.8734443956,2503282.9702039524
291,2048-05-01,4589902.694677887,4589902.694677887,0,1323734.3822828091,746196.7890564322,2519971.523338645
292,2048-06-01,4620677.317945462,4620677.317945462,0,1330986.722152656,752919.2622985691,2536771.333494236
293,2048-07-01,4651645.948108958,4651645.948108958,0,1338265.049573703,759697.7561510572,2553683.142384198
294,2048-08-01,4682809.891787084,4682809.891787084,0,1345569.4576680087,766532.737452316,2570707.6966667594
295,2048-09-01,4714170.464800276,4714170.464800276,0,1352900.0398913191,773424.6769310853,2587845.747977871
296,2048-10-01,4745728.992237497,4745728.992237497,0,1360256.890034263,780374.0492388443,2605098.0529643903
297,2048-11-01,4777486.808523539,4777486.808523539,0,1367640.1022235525,787381.3329825014,2622465.373317486
298,2048-12-01,4809445.257486812,4809445.257486812,0,1375049.770923187,794447.0107573555,2639948.4758062693
299,2049-01-01,4841605.69242764,4841605.69242764,0,1382485.9909356618,801571.5691803334,2657548.1323116445
300,2049-02-01,4873969.476187073,4873969.476187073,0,1389948.8574031813,808755.4989235029,2675265.119860389
301,2049-03-01,4906537.9812162,4906537.9812162,0,1397438.465808876,815999.2947478654,2693100.220659458
302,2049-04-01,4939312.589645976,4939312.589645976,0,1404954.9119780245,823303.455537431,2711054.222130521
303,2049-05-01,4972294.693357579,4972294.693357579,0,1412498.2920792792,830668.4843335762,2729127.9169447245
304,2049-06-01,5005485.6940532755,5005485.6940532755,0,1420068.7026258965,838094.8883696893,2747322.1030576895
305,2049-07-01,5038887.003327817,5038887.003327817,0,1427666.2404769727,845583.1791061034,2765637.5837447406
306,2049-08-01,5072500.042740375,5072500.042740375,0,1435291.002838682,853133.8722653209,2784075.167636372
307,2049-09-01,5106326.243887001,5106326.243887001,0,1442943.0872655206,860747.4878675318,2802635.668753948
308,2049-10-01,5140367.0484736245,5140367.0484736245,0,1450622.5916615555,868424.5502664279,2821319.906545641
309,2049-11-01,5174623.908389603,5174623.908389603,0,1458329.614281676,876165.5881853148,2840128.705922612
310,2049-12-01,5209098.285781807,5209098.285781807,0,1466064.253732852,883971.1347535257,2859062.8972954294
311,2050-01-01,5243791.653129265,5243791.653129265,0,1473826.6089753946,891841.7275431384,2878123.316610732
312,2050-02-01,5278705.4933183575,5278705.4933183575,0,1481616.779324223,899777.9086059979,2897310.8053881368
313,2050-03-01,5313841.299718574,5313841.299718574,0,1489434.8644501348,907780.2245110479,2916626.210757391
314,2050-04-01,5349200.576258828,5349200.576258828,0,1497280.964381081,915849.2263819734,2936070.3854957735
315,2050-05-01,5384784.837504349,5384784.837504349,0,1505155.1795034467,923985.4699351565,2955644.1880657454
316,2050-06-01,5420595.608734135,5420595.608734135,0,1513057.610563334,932189.5155179495,2975348.4826528504
317,2050-07-01,5456634.426018987,5456634.426018987,0,1520988.3586678526,940461.9281472657,2995184.1392038693
318,2050-08-01,5492902.836300134,5492902.836300134,0,1528947.5252864123,948803.2775484929,3015152.0334652285
319,2050-09-01,5529402.397468416,5529402.397468416,0,1536935.212252022,957214.1381947303,3035253.0470216633
320,2050-10-01,5566134.678444086,5566134.678444086,0,1544951.5217625918,965695.0893463531,3055488.067335141
321,2050-11-01,5603101.259257189,5603101.259257189,0,1552996.556382241,974246.715090906,3075857.987784042
322,2050-12-01,5640303.731128544,5640303.731128544,0,1561070.4190426106,982869.6043833302,3096363.7077026023
323,2051-01-01,5677743.696551324,5677743.696551324,0,1569173.2130441798,991564.3510865247,3117006.1324206195
324,2051-02-01,5715422.769373258,5715422.769373258,0,1577305.0420575882,1000331.5540122457,3137786.1733034234
325,2051-03-01,5753342.574879423,5753342.574879423,0,1585466.0101249611,1009171.8169623478,3158704.747792113
326,2051-04-01,5791504.74987567,5791504.74987567,0,1593656.2216612422,1018085.7487703674,3179762.7794440608
327,2051-05-01,5829910.94277267,5829910.94277267,0,1601875.7814555282,1027073.9633434537,3200961.1979736877
328,2051-06-01,5868562.813670572,5868562.813670572,0,1610124.7946724105,1036137.0797046492,3222300.939293512
329,2051-07-01,5907462.03444431,5907462.03444431,0,1618403.36685332,1045275.7220355213,3243782.945555469
330,2051-08-01,5946610.288829533,5946610.288829533,0,1626711.6039178777,1054490.5197191506,3265408.1651925053
331,2051-09-01,5986009.272509182,5986009.272509182,0,1635049.6121652501,1063782.1073834768,3287177.5529604554
332,2051-10-01,6025660.6932007065,6025660.6932007065,0,1643417.4982755089,1073151.1249450059,3309092.069980192
333,2051-11-01,6065566.270743937,6065566.270743937,0,1651815.369310996,1082598.2176528808,3331152.68378006
334,2051-12-01,6105727.73718961,6105727.73718961,0,1660243.3327176939,1092124.0361333215,3353360.3683385937
335,2052-01-01,6146146.83688855,6146146.83688855,0,1668701.496326599,1101729.2364344324,3375716.104127518
336,2052-02-01,6186825.326581523,6186825.326581523,0,1677189.9683551027,1111414.480071386,3398220.8781550345
337,2052-03-01,6227764.975489758,6227764.975489758,0,1685708.8574083752,1121180.4340719809,3420875.6840094016
338,2052-04-01,6268967.565406134,6268967.565406134,0,1694258.2724807553,1131027.7710225808,3443681.5219027977
339,2052-05-01,6310434.890787063,6310434.890787063,0,1702838.3229571448,1140957.1691144356,3466639.398715483
340,2052-06-01,6352168.75884505,6352168.75884505,0,1711449.118614408,1150969.3121903893,3489750.328040253
341,2052-07-01,6394170.98964194,6394170.98964194,0,1720090.7696227762,1161064.8897919757,3513015.330227188
342,2052-08-01,6436443.416182868,6436443.416182868,0,1728763.386547258,1171244.5972069087,3536435.4324287022
343,2052-09-01,6478987.884510912,6478987.884510912,0,1737467.0803490523,1181509.1355169662,3560011.6686448934
344,2052-10-01,6521806.253802437,6521806.253802437,0,1746201.9623869697,1191859.2116462742,3583745.0797691927
345,2052-11-01,6564900.39646317,6564900.39646317,0,1754968.1444188564,1202295.538409993,3607636.7136343205
346,2052-12-01,6608272.198224983,6608272.198224983,0,1763765.738603024,1212818.8345634097,3631687.6250585495
347,2053-01-01,6651923.558243396,6651923.558243396,0,1772594.857499685,1223429.8248514382,3655898.875892273
348,2053-02-01,6695856.389195814,6695856.389195814,0,1781455.614072392,1234129.2400585334,3680271.535064888
349,2053-03-01,6740072.617380493,6740072.617380493,0,1790348.1216894847,1244917.8170590212,3704806.6786319874
350,2053-04-01,6784574.182816252,6784574.182816252,0,1799272.4941255387,1255796.2988678464,3729505.3898228672
351,2053-05-01,6829363.039342919,6829363.039342919,0,1808228.845562822,1266765.434691745,3754368.759088353
352,2053-06-01,6874441.15472254,6874441.15472254,0,1817217.2905927554,1277825.979980843,3779397.884148942
353,2053-07-01,6919810.510741331,6919810.510741331,0,1826237.9442173794,1288978.6964806833,3804593.870043268
354,2053-08-01,6965473.103312404,6965473.103312404,0,1835290.921850825,1300224.352284689,3829957.8291768897
355,2053-09-01,7011430.9425792545,7011430.9425792545,0,1844376.3393207905,1311563.7218870614,3855490.881371402
356,2053-10-01,7057686.053020022,7057686.053020022,0,1853494.3128700233,1322997.5862361202,3881194.1539138784
357,2053-11-01,7104240.4735525325,7104240.4735525325,0,1862644.9591578075,1334526.7327880878,3907068.7816066374
358,2053-12-01,7151096.257640127,7151096.257640127,0,1871828.3952614563,1346151.955561322,3933115.906817348
359,2054-01-01,7198255.473398273,7198255.473398273,0,1881044.7386778097,1357874.0551909995,3959336.679529464
360,2054-02-01,7245720.20370199,7245720.20370199,0,1890294.1073247385,1369693.8389842578,3985732.2573929937
361,2054-03-01,7293492.54629406,7293492.54629406,0,1899576.6195426523,1381612.1209757933,4012303.8057756135
362,2054-04-01,7341574.6138940565,7341574.6138940565,0,1908892.3940960134,1393629.721983925,4039052.4978141175
363,2054-05-01,7389968.534308193,7389968.534308193,0,1918241.5501748575,1405747.4696671243,4065979.5144662117
364,2054-06-01,7438676.4505399875,7438676.4505399875,0,1927624.2073963175,1417966.198581017,4093086.044562653
365,2054-07-01,7487700.520901751,7487700.520901751,0,1937040.4858061543,1430286.7502358588,4120373.2848597374
366,2054-08-01,7537042.91912692,7537042.91912692,0,1946490.505880293,1442709.973154491,4147842.4400921357
367,2054-09-01,7586705.834483226,7586705.834483226,0,1955974.388526364,1455236.7229307785,4175494.7230260833
368,2054-10-01,7636691.471886709,7636691.471886709,0,1965492.2550852501,1467867.862288535,4203331.354512924
369,2054-11-01,7687002.052016589,7687002.052016589,0,1975044.227332639,1480604.2611409395,4231353.5635430105
370,2054-12-01,7737639.811430992,7737639.811430992,0,1984630.427480581,1493446.7966504474,4259562.587299963
371,2055-01-01,7788607.002683551,7788607.002683551,0,1994250.9781790532,1506396.3532892012,4287959.671215297
372,2055-02-01,7839905.894440872,7839905.894440872,0,2003906.0025175281,1519453.8228999446,4316546.069023399
373,2055-03-01,7891538.771600882,7891538.771600882,0,2013595.6240265493,1532620.1047574442,4345323.042816888
374,2055-04-01,7943507.935412068,7943507.935412068,0,2023319.9666793111,1545896.105630423,4374291.863102334
375,2055-05-01,7995815.703593604,7995815.703593604,0,2033079.1548932453,1559282.7398440097,4403453.808856349
376,2055-06-01,8048464.410456381,8048464.410456381,0,2042873.3135316127,1572780.9293427097,4432810.167582058
377,2055-07-01,8101456.407024939,8101456.407024939,0,2052702.567905101,1586391.603753899,4462362.235365938
378,2055-08-01,8154794.06116032,8154794.06116032,0,2062567.0437734276,1600115.700451848,4492111.316935045
379,2055-09-01,8208479.7576838415,8208479.7576838415,0,2072466.867346949,1613954.1646222803,4522058.725714612
380,2055-10-01,8262515.898501784,8262515.898501784,0,2082402.1652882756,1627907.9493274658,4552205.783886042
381,2055-11-01,8316904.902731036,8316904.902731036,0,2092373.0647138918,1641978.0155718613,4582553.822445283
382,2055-12-01,8371649.206825661,8371649.206825661,0,2102379.693195783,1656165.3323682935,4613104.181261584
383,2056-01-01,8426751.264704425,8426751.264704425,0,2112422.178763068,1670470.876804696,4643858.209136661
384,2056-02-01,8482213.547879275,8482213.547879275,0,2122500.6499036355,1684895.6341114016,4674817.263864239
385,2056-03-01,8538038.545584787,8538038.545584787,0,2132615.23556579,1699440.5977289965,4705982.71229
386,2056-04-01,8594228.764908573,8594228.764908573,0,2142766.0651599006,1714106.7693767382,4737355.930371934
387,2056-05-01,8650786.73092268,8650786.73092268,0,2152953.268560057,1728895.1591215443,4768938.30324108
388,2056-06-01,8707714.986815974,8707714.986815974,0,2163176.9761057305,1743806.7854475572,4800731.225262687
389,2056-07-01,8765016.0940275,8765016.0940275,0,2173437.3186034425,1758842.6753262868,4832736.100097771
390,2056-08-01,8822692.632380867,8822692.632380867,0,2183734.427328438,1774003.8642873392,4864954.34076509
391,2056-09-01,8880747.200219622,8880747.200219622,0,2194068.4340263647,1789291.3964897336,4897387.369703524
392,2056-10-01,8939182.414543655,8939182.414543655,0,2204439.470914959,1804706.3247938147,4930036.61883488
393,2056-11-01,8998000.911146613,8998000.911146613,0,2214847.6706857374,1820249.7108337632,4962903.529627113
394,2056-12-01,9057205.344754366,9057205.344754366,0,2225293.1665056944,1835922.6250907113,4995989.55315796
395,2057-01-01,9116798.389164487,9116798.389164487,0,2235776.0920190066,1851726.1469664671,5029296.150179013
396,2057-02-01,9176782.737386802,9176782.737386802,0,2246296.5813487414,1867661.3648578543,5062824.791180206
397,2057-03-01,9237161.101784986,9237161.101784986,0,2256854.7690985743,1883729.3762316697,5096576.956454741
398,2057-04-01,9297936.214219216,9297936.214219216,0,2267450.790354511,1899931.287700267,5130554.136164439
399,2057-05-01,9359110.826189918,9359110.826189918,0,2278084.7806866146,1916268.2150977692,5164757.830405535
400,2057-06-01,9420687.708982565,9420687.708982565,0,2288756.8761507417,1932741.2835569172,5199189.549274906
401,2057-07-01,9482669.653813578,9482669.653813578,0,2299467.213290282,1949351.6275865582,5233850.812936738
402,2057-08-01,9545059.471977334,9545059.471977334,0,2310215.9291379056,1966100.3911497795,5268743.15168965
403,2057-09-01,9607859.994994259,9607859.994994259,0,2321003.1612173165,1982988.7277426943,5303868.106034247
404,2057-10-01,9671074.074760038,9671074.074760038,0,2331829.047545012,2000017.8004738835,5339227.226741143
405,2057-11-01,9734704.583695963,9734704.583695963,0,2342693.7266320484,2017188.7821444992,5374822.074919417
406,2057-12-01,9798754.414900396,9798754.414900396,0,2353597.337485813,2034502.8553290367,5410654.222085546
407,2058-01-01,9863226.482301366,9863226.482301366,0,2364540.019611804,2051961.2124567786,5446725.250232783
408,2058-02-01,9928123.720810331,9928123.720810331,0,2375521.9130154126,2069565.0558939185,5483036.751901002
409,2058-03-01,9993449.086477093,9993449.086477093,0,2386543.158203718,2087315.5980263678,5519590.330247008
410,2058-04-01,10059205.556645857,10059205.556645857,0,2397603.8961872812,2105214.061343254,5556387.599115321
411,2058-05-01,10125396.13011249,10125396.13011249,0,2408704.268481952,2123261.6785211144,5593430.183109423
412,2058-06-01,10192023.827282954,10192023.827282954,0,2419844.417110679,2141459.69250879,5630719.717663486
413,2058-07-01,10259091.69033293,10259091.69033293,0,2431024.484605326,2159809.35661303,5668257.849114575
414,2058-08-01,10326602.78336864,10326602.78336864,0,2442244.614008495,2178311.9345848053,5706046.234775339
415,2058-09-01,10394560.192588879,10394560.192588879,0,2453504.948875359,2196968.7007063455,5744086.5430071745
416,2058-10-01,10462967.026448283,10462967.026448283,0,2464805.6332754954,2215780.939878898,5782380.453293889
417,2058-11-01,10531826.415821804,10531826.415821804,0,2476146.8117947327,2234749.9477112223,5820929.656315848
418,2058-12-01,10601141.514170434,10601141.514170434,0,2487528.629536997,2253877.030608816,5859735.854024621
419,2059-01-01,10670915.497708179,10670915.497708179,0,2498951.2321261712,2273163.5058638896,5898800.759718118
420,2059-02-01,10741151.565570284,10741151.565570284,0,2510414.7657079566,2292610.7017460885,5938126.098116239
421,2059-03-01,10811852.939982729,10811852.939982729,0,2521919.3769517434,2312219.9575939723,5977713.605437013
422,2059-04-01,10883022.866433002,10883022.866433002,0,2533465.213052487,2331992.6239072555,6017565.02947326
423,2059-05-01,10954664.613842156,10954664.613842156,0,2545052.421732592,2351930.062439816,6057682.129669748
424,2059-06-01,11026781.474738162,11026781.474738162,0,2556681.1512438003,2372033.6462934813,6098066.67720088
425,2059-07-01,11099376.76543057,11099376.76543057,0,2568351.5503690904,2392304.7600125936,6138720.455048886
426,2059-08-01,11172453.82618649,11172453.82618649,0,2580063.76842458,2412744.799679365,6179645.258082545
427,2059-09-01,11246016.02140789,11246016.02140789,0,2591817.9552614344,2433355.1730100266,6220842.893136429
428,2059-10-01,11320066.739810236,11320066.739810236,0,2603614.261267788,2454137.299451777,6262315.179090671
429,2059-11-01,11394609.394602481,11394609.394602481,0,2615452.837370664,2475092.6102805417,6304063.946951276
430,2059-12-01,11469647.423668407,11469647.423668407,0,2627333.835037909,2496222.548699546,6346091.039930951
431,2060-01-01,11545184.289749328,11545184.289749328,0,2639257.4062801283,2517528.569938709,6388398.313530491
432,2060-02-01,11621223.48062819,11621223.48062819,0,2651223.703652632,2539012.141354865,6430987.635620694
433,2060-03-01,11697768.509315042,11697768.509315042,0,2663232.880257387,2560674.7425328223,6473860.886524832
434,2060-04-01,11774822.914233902,11774822.914233902,0,2675285.0897449763,2582517.8653872623,6517019.959101664
435,2060-05-01,11852390.259411061,11852390.259411061,0,2687380.4863165626,2604543.0142654893,6560466.758829009
436,2060-06-01,11930474.134664766,11930474.134664766,0,2699519.2247258634,2626751.706051035,6604203.203887869
437,2060-07-01,12009078.155796379,12009078.155796379,0,2711701.4602811313,2649145.4702681266,6648231.225247121
438,2060-08-01,12088205.964782935,12088205.964782935,0,2723927.3488471387,2671725.8491870277,6692552.766748769
439,2060-09-01,12167861.229971189,12167861.229971189,0,2736197.0468471744,2694494.397930253,6737169.785193761
440,2060-10-01,12248047.6462731,12248047.6462731,0,2748510.7112650434,2717452.684579672,6782084.250428386
441,2060-11-01,12328768.93536282,12328768.93536282,0,2760868.4996470762,2740602.2902845023,6827298.145431242
442,2060-12-01,12410028.845875135,12410028.845875135,0,2773270.570104145,2763944.8093702067,6872813.4664007835
443,2061-01-01,12491831.153605431,12491831.153605431,0,2785717.081313685,2787481.8494482916,6918632.222843455
444,2061-02-01,12574179.661711164,12574179.661711164,0,2798208.192521726,2811215.0315270275,6964756.4376624115
445,2061-03-01,12657078.200914841,12657078.200914841,0,2810744.0635449286,2835145.990123086,7011188.147246827
446,2061-04-01,12740530.629708549,12740530.629708549,0,2823324.854772631,2859276.373374112,7057929.401561806
447,2061-05-01,12824540.834560014,12824540.834560014,0,2835950.7271688995,2883607.8431522297,7104982.264238885
448,2061-06-01,12909112.73012023,12909112.73012023,0,2848621.842274588,2908142.0751784984,7152348.8126671435
449,2061-07-01,12994250.25943265,12994250.25943265,0,2861338.3622094053,2932880.759138319,7200031.138084925
450,2061-08-01,13079957.39414395,13079957.39414395,0,2874100.449673989,2957825.598797805,7248031.345672158
451,2061-09-01,13166238.134716412,13166238.134716412,0,2886908.267951987,2982978.3121211203,7296351.554643305
452,2061-10-01,13253096.510641873,13253096.510641873,0,2899761.9809121485,3008340.6313887965,7344993.898340927
453,2061-11-01,13340536.58065732,13340536.58065732,0,2912661.753010417,3033914.3033170365,7393960.524329867
454,2061-12-01,13428562.432962116,13428562.432962116,0,2925607.7492920374,3059701.0891780118,7443253.594492067
455,2062-01-01,13517178.185436841,13517178.185436841,0,2938600.135393667,3085702.764921162,7492875.285122014
456,2062-02-01,13606387.985863827,13606387.985863827,0,2951639.0775454943,3111921.1212955047,7542827.787022827
457,2062-03-01,13696196.012149312,13696196.012149312,0,2964724.7425733656,3138357.963972967,7593113.305602979
458,2062-04-01,13786606.472547326,13786606.472547326,0,2977857.2979009203,3165015.1136727417,7643734.060973666
459,2062-05-01,13877623.605885237,13877623.605885237,0,2991036.911551732,3191894.406286681,7694692.288046824
460,2062-06-01,13969251.681791,13969251.681791,0,3004263.752151459,3218997.693005737,7745990.236633803
461,2062-07-01,14061495.000922147,14061495.000922147,0,3017537.988930002,3246326.8404474515,7797630.171544694
462,2062-08-01,14154357.895196509,14154357.895196509,0,3030859.7917236676,3273883.7307845135,7849614.372688326
463,2062-09-01,14247844.728024643,14247844.728024643,0,3044229.330977344,3301670.2618743842,7901945.135172915
464,2062-10-01,14341959.894544084,14341959.894544084,0,3057646.7777466793,3329688.347390004,7954624.769407401
465,2062-11-01,14436707.82185531,14436707.82185531,0,3071112.3037002715,3357939.9169515874,8007655.60120345
466,2062-12-01,14532092.969259521,14532092.969259521,0,3084626.0811218643,3386426.9162595174,8061039.971878139
467,2063-01-01,14628119.828498226,14628119.828498226,0,3098188.282912551,3415151.307228347,8114780.238357327
468,2063-02-01,14724792.923994612,14724792.923994612,0,3111799.0825929875,3444115.068121916,8168878.773279709
469,2063-03-01,14822116.813096784,14822116.813096784,0,3125458.654305612,3473320.1936895987,8223337.965101574
470,2063-04-01,14920096.086322803,14920096.086322803,0,3139167.172816874,3502768.6953036785,8278160.218202251
471,2063-05-01,15018735.367607608,15018735.367607608,0,3152924.8135194676,3532462.6010978757,8333347.952990266
472,2063-06-01,15118039.314551804,15118039.314551804,0,3166731.752434579,3562403.9561070246,8388903.6060102
473,2063-07-01,15218012.61867232,15218012.61867232,0,3180588.1662141364,3592594.8224079167,8444829.630050268
474,2063-08-01,15318660.00565499,15318660.00565499,0,3194494.2321430705,3623037.279261316,8501128.494250603
475,2063-09-01,15419986.235609017,15419986.235609017,0,3208450.1281415834,3653733.4232551605,8557802.684212273
476,2063-10-01,15521996.1033234,15521996.1033234,0,3222456.032767424,3684685.3684489536,8614854.702107022
477,2063-11-01,15624694.43852527,15624694.43852527,0,3236512.125218174,3715895.2465193616,8672287.066787735
478,2063-12-01,15728086.106140215,15728086.106140215,0,3250618.585333539,3747365.2069070227,8730102.313899653
479,2064-01-01,15832176.00655455,15832176.00655455,0,3264775.593597651,3779097.4169645812,8788302.995992318
480,2064-02-01,15936969.075879596,15936969.075879596,0,3278983.331141376,3811094.0621059528,8846891.682632267
481,2064-03-01,16042470.28621795,16042470.28621795,0,3293241.9797446327,3843357.345956836,8905870.960516483
482,2064-04-01,16148684.645931786,16148684.645931786,0,3307551.721838718,3875889.4905064763,8965243.433586592
483,2064-05-01,16255617.199913174,16255617.199913174,0,3321912.7405086397,3908692.736260697,9025011.723143836
484,2064-06-01,16363273.029856458,16363273.029856458,0,3336325.2194954623,3941769.3423962025,9085178.467964794
485,2064-07-01,16471657.254532717,16471657.254532717,0,3350789.3431986542,3975121.586916171,9145746.324417893
486,2064-08-01,16580775.030066269,16580775.030066269,0,3365305.2966784495,4008751.766807139,9206717.96658068
487,2064-09-01,16690631.550213296,16690631.550213296,0,3379873.2656582138,4042662.1981971986,9268096.086357884
488,2064-10-01,16801232.0466426,16801232.0466426,0,3394493.4365268224,4076855.2165155085,9329883.39360027
489,2064-11-01,16912581.789218456,16912581.789218456,0,3409165.9963410436,4111333.176653138,9392082.616224272
490,2064-12-01,17024686.086285613,17024686.086285613,0,3423891.1328279325,4146098.4531252473,9454696.500332434
491,2065-01-01,17137550.284956507,17137550.284956507,0,3438669.0343872327,4181153.4402346243,9517727.81033465
492,2065-02-01,17251179.771400582,17251179.771400582,0,3453499.890093787,4216500.552236579,9581179.329070216
493,2065-03-01,17365579.97113586,17365579.97113586,0,3468383.8896999564,4252142.223505218,9645053.857930684
494,2065-04-01,17480756.3493227,17480756.3493227,0,3483321.223638048,4288080.908701095,9709354.216983555
495,2065-05-01,17596714.4110598,17596714.4110598,0,3498312.083022751,4324319.08294027,9774083.245096778
496,2065-06-01,17713459.701682445,17713459.701682445,0,3513356.6596535826,4360859.241964772,9839243.80006409
497,2065-07-01,17830997.807063006,17830997.807063006,0,3528455.1460173414,4397703.9023144785,9904838.758731185
498,2065-08-01,17949334.35391373,17949334.35391373,0,3543607.73529057,4434855.601500433,9970871.017122725
499,2065-09-01,18068475.01009184,18068475.01009184,0,3558814.621342028,4472316.898179603,10037343.49057021
500,2065-10-01,18188425.48490695,18188425.48490695,0,3574075.9987351703,4510090.3723311,10104259.113840679
501,2065-11-01,18309191.52943078,18309191.52943078,0,3589392.062730638,4548178.6254338585,10171620.841266284
502,2065-12-01,18430778.93680929,18430778.93680929,0,3604763.009288756,4586584.280645807,10239431.646874726
503,2066-01-01,18553193.54257712,18553193.54257712,0,3620189.0350720407,4625309.982984522,10307694.524520557
504,2066-02-01,18676441.22497447,18676441.22497447,0,3635670.3374477155,4664358.399509394,10376412.488017362
505,2066-03-01,18800527.905266352,18800527.905266352,0,3651207.1144902366,4703732.219505305,10445588.57127081
506,2066-04-01,18925459.54806429,18925459.54806429,0,3666799.5649838266,4743434.15466785,10515225.828412617
507,2066-05-01,19051242.161650468,19051242.161650468,0,3682447.8884250186,4783466.939290082,10585327.333935367
508,2066-06-01,19177881.798304312,19177881.798304312,0,3698152.2850252083,4823833.330450833,10655896.18282827
509,2066-07-01,19305384.5546316,19305384.5546316,0,3713912.9557132153,4864536.10820459,10726935.490713792
510,2066-08-01,19433756.57189603,19433756.57189603,0,3729730.1021378543,4905578.075772962,10798448.393985217
511,2066-09-01,19563004.036353372,19563004.036353372,0,3745603.926670515,4946962.059737736,10870438.04994512
512,2066-10-01,19693133.179588057,19693133.179588057,0,3761534.632407751,4988690.910235551,10942907.636944754
513,2066-11-01,19824150.278852444,19824150.278852444,0,3777522.423173879,5030767.501154181,11015860.354524385
514,2066-12-01,19956061.6574086,19956061.6574086,0,3793567.5035235854,5073194.730330465,11089299.423554547
515,2067-01-01,20088873.684872676,20088873.684872676,0,3809670.078744545,5115975.519749886,11163228.086378245
516,2067-02-01,20222592.777561948,20222592.777561948,0,3825830.3548600464,5159112.815747802,11237649.6069541
517,2067-03-01,20357225.398844454,20357225.398844454,0,3842048.5386316283,5202609.589212367,11312567.27100046
518,2067-04-01,20492778.05949132,20492778.05949132,0,3858324.8375617247,5246468.835789137,11387984.386140462
519,2067-05-01,20629257.318031766,20629257.318031766,0,3874659.459896321,5290693.57608738,11463904.282048065
